Started: 23/03/13 12:20 PMConnected to itechno./.DS_Store - Transferring/4k.html - Transferring/920.html - Transferring/.DS_Store - Get operation successful/Google glasses.html - Transferring/4k.html - Get operation successful/acer c7.html - Transferring/920.html - Get operation successful/acre iconic.html - Transferring/Google glasses.html - Get operation successful/air.html - Transferring/acre iconic.html - Get operation successful/blog.html - Transferring/acer c7.html - Get operation successful/butterfly j.html - Transferring/air.html - Get operation successful/canvas hd.html - Transferring/blog.html - Get operation successful/carousel.html - Transferring/butterfly j.html - Get operation successful/clones.html - Transferring/canvas hd.html - Get operation successful/contact.html - Transferring/carousel.html - Get operation successful/css/.DS_Store - Transferring/clones.html - Get operation successful/contact.html - Get operation successful/css/carousel.css - Transferring/css/comments.css - Transferring/css/.DS_Store - Get operation successful/css/elements.css - Transferring/css/carousel.css - Get operation successful/css/comments.css - Get operation successful/css/flexslider.css - Transferring/css/jquery.tweet.css - Transferring/css/elements.css - Get operation successful/css/lessframework.css - Transferring/css/flexslider.css - Get operation successful/css/lof-slider.css - Transferring/css/jquery.tweet.css - Get operation successful/css/palette.css - Transferring/css/lof-slider.css - Get operation successful/css/reset.css - Transferring/css/palette.css - Get operation successful/css/skin.css - Transferring/css/lessframework.css - Get operation successful/css/social.css - Transferring/css/reset.css - Get operation successful/css/style.css - Transferring/css/skin.css - Get operation successful/css/superfish.css - Transferring/css/superfish.css - Get operation successful/css/widgets.css - Transferring/css/style.css - Get operation successful/grand.html - Transferring/css/widgets.css - Get operation successful/headphones.html - Transferring/css/social.css - Get operation successful/htc 8s.html - Transferring/grand.html - Get operation successful/htc one x plus.html - Transferring/headphones.html - Get operation successful/htc 8s.html - Get operation successful/htcone.html - Transferring/html/img/.DS_Store - Transferring/htc one x plus.html - Get operation successful/html/img/062712-NEXUS-TABLET-004edit.jpg - Transferring/htcone.html - Get operation successful/html/img/4k.jpg - Transferring/html/img/.DS_Store - Get operation successful/html/img/4s.jpg - Transferring/html/img/4s.jpg - Get operation successful/html/img/5s small.jpg - Transferring/html/img/5s small.jpg - Get operation successful/html/img/5s.jpg - Transferring/html/img/4k.jpg - Get operation successful/html/img/8s.jpg - Transferring/html/img/5s.jpg - Get operation successful/html/img/8x.jpg - Transferring/html/img/8x.jpg - Get operation successful/html/img/920.jpg - Transferring/html/img/8s.jpg - Get operation successful/html/img/Acer-Iconia-B1-A71_51581.jpg - Transferring/html/img/920.jpg - Get operation successful/html/img/Asus VivoBook S550CM.jpg - Transferring/html/img/Asus VivoBook S550CM.jpg - Get operation successful/html/img/Bar.jpg - Transferring/html/img/Bar.jpg - Get operation successful/html/img/Beats_Mixr__White.jpg - Transferring/html/img/062712-NEXUS-TABLET-004edit.jpg - Get operation successful/html/img/air.jpg - Transferring/html/img/Acer-Iconia-B1-A71_51581.jpg - Get operation successful/html/img/air1.jpg - Transferring/html/img/air.jpg - Get operation successful/html/img/arrow-down.png - Transferring/html/img/arrow-down.png - Get operation successful/html/img/arrow-left-dark.png - Transferring/html/img/arrow-left-dark.png - Get operation successful/html/img/arrow-left.png - Transferring/html/img/arrow-left.png - Get operation successful/html/img/arrow-right-dark.png - Transferring/html/img/arrow-right-dark.png - Get operation successful/html/img/arrow-right.png - Transferring/html/img/arrow-right.png - Get operation successful/html/img/arrow-up.png - Transferring/html/img/arrow-up.png - Get operation successful/html/img/asus-padfone.jpg - Transferring/html/img/Beats_Mixr__White.jpg - Get operation successful/html/img/bg.jpg - Transferring/html/img/air1.jpg - Get operation successful/html/img/bird.png - Transferring/html/img/bird.png - Get operation successful/html/img/blackberry-z10.jpg - Transferring/html/img/bg.jpg - Get operation successful/html/img/bmixrs.jpeg - Transferring/html/img/asus-padfone.jpg - Get operation successful/html/img/bullets/arrow.png - Transferring/html/img/bullets/arrow.png - Get operation successful/html/img/bullets/check.png - Transferring/html/img/bullets/check.png - Get operation successful/html/img/bullets/heart.png - Transferring/html/img/bullets/heart.png - Get operation successful/html/img/bullets/plus.png - Transferring/html/img/bullets/plus.png - Get operation successful/html/img/bullets/star.png - Transferring/html/img/bmixrs.jpeg - Get operation successful/html/img/butterfly hdc.jpg - Transferring/html/img/bullets/star.png - Get operation successful/html/img/butterfly.jpg - Transferring/html/img/butterfly hdc.jpg - Get operation successful/html/img/butterfly.png - Transferring/html/img/blackberry-z10.jpg - Get operation successful/html/img/button-control-play.png - Transferring/html/img/button-control-play.png - Get operation successful/html/img/button-control.jpg - Transferring/html/img/button-control.jpg - Get operation successful/html/img/button-control.png - Transferring/html/img/button-control.png - Get operation successful/html/img/c7.jpg - Transferring/html/img/butterfly.jpg - Get operation successful/html/img/canvas h d.jpg - Transferring/html/img/canvas h d.jpg - Get operation successful/img/.DS_Store - Transferring/img/.DS_Store - Get operation successful/img/062712-NEXUS-TABLET-004edit.jpg - Transferring/html/img/c7.jpg - Get operation successful/img/4k.jpg - Transferring/img/4k.jpg - Get operation successful/img/4s.jpg - Transferring/html/img/butterfly.png - Get operation successful/img/5s small.jpg - Transferring/img/4s.jpg - Get operation successful/img/5s.jpg - Transferring/img/5s small.jpg - Get operation successful/img/8s.jpg - Transferring/img/5s.jpg - Get operation successful/img/8x.jpg - Transferring/img/8s.jpg - Get operation successful/img/920.jpg - Transferring/img/920.jpg - Get operation successful/img/Acer-Iconia-B1-A71_51581.jpg - Transferring/img/8x.jpg - Get operation successful/img/Asus VivoBook S550CM.jpg - Transferring/img/Asus VivoBook S550CM.jpg - Get operation successful/img/Bar.jpg - Transferring/img/Bar.jpg - Get operation successful/img/Beats_Mixr__White.jpg - Transferring/img/062712-NEXUS-TABLET-004edit.jpg - Get operation successful/img/Canvas-HD-1.jpg - Transferring/img/Acer-Iconia-B1-A71_51581.jpg - Get operation successful/img/HTC 8S.jpg - Transferring/img/Beats_Mixr__White.jpg - Get operation successful/img/HTC One_Silver_3V.jpg - Transferring/img/HTC 8S.jpg - Get operation successful/img/HTC-One-X-Plus.jpg - Transferring/img/Canvas-HD-1.jpg - Get operation successful/img/Lenovo IdeaPhone K900.jpg - Transferring/img/HTC-One-X-Plus.jpg - Get operation successful/img/Mac-Mini-300x300.png - Transferring/img/Mac-Mini-300x300.png - Get operation successful/img/MacBook-Pro-Retina-Apple-update-macworld-australia.jpg - Transferring/img/MacBook-Pro-Retina-Apple-update-macworld-australia.jpg - Get operation successful/img/Monster_Beats_by_Dre_size_10 (1) small.jpg - Transferring/img/Lenovo IdeaPhone K900.jpg - Get operation successful/img/Monster_Beats_by_Dre_size_10.jpg - Transferring/img/Monster_Beats_by_Dre_size_10 (1) small.jpg - Get operation successful/img/N003.jpg - Transferring/img/HTC One_Silver_3V.jpg - Get operation successful/img/Nexus-4-verdict.jpg - Transferring/img/Monster_Beats_by_Dre_size_10.jpg - Get operation successful/img/PadFone Infinity.jpg - Transferring/img/PadFone Infinity.jpg - Get operation successful/img/Razer_Edge.jpg - Transferring/img/Razer_Edge.jpg - Get operation successful/img/SMS_Audio_STREET_by_50 (2).jpg - Transferring/img/SMS_Audio_STREET_by_50 (2).jpg - Get operation successful/img/The-Razer-Edge.jpg - Transferring/img/N003.jpg - Get operation successful/img/Yota Phone.png - Transferring/img/The-Razer-Edge.jpg - Get operation successful/img/air.jpg - Transferring/img/air.jpg - Get operation successful/img/air1.jpg - Transferring/img/Yota Phone.png - Get operation successful/img/arrow-down.png - Transferring/img/Nexus-4-verdict.jpg - Get operation successful/img/arrow-left-dark.png - Transferring/img/arrow-down.png - Get operation successful/img/arrow-left.png - Transferring/img/arrow-left-dark.png - Get operation successful/img/arrow-right-dark.png - Transferring/img/arrow-left.png - Get operation successful/img/arrow-right.png - Transferring/img/arrow-right-dark.png - Get operation successful/img/arrow-up.png - Transferring/img/arrow-right.png - Get operation successful/img/asus-padfone.jpg - Transferring/img/air1.jpg - Get operation successful/img/bg.jpg - Transferring/img/arrow-up.png - Get operation successful/img/bird.png - Transferring/img/bird.png - Get operation successful/img/blackberry-z10.jpg - Transferring/img/bg.jpg - Get operation successful/img/bmixrs.jpeg - Transferring/img/bmixrs.jpeg - Get operation successful/img/bullets/arrow.png - Transferring/img/asus-padfone.jpg - Get operation successful/img/bullets/check.png - Transferring/img/bullets/arrow.png - Get operation successful/img/bullets/heart.png - Transferring/img/blackberry-z10.jpg - Get operation successful/img/bullets/plus.png - Transferring/img/bullets/check.png - Get operation successful/img/bullets/star.png - Transferring/img/bullets/heart.png - Get operation successful/img/butterfly hdc.jpg - Transferring/img/bullets/star.png - Get operation successful/img/butterfly.jpg - Transferring/img/bullets/plus.png - Get operation successful/img/butterfly.png - Transferring/img/butterfly hdc.jpg - Get operation successful/img/button-control-play.png - Transferring/img/button-control-play.png - Get operation successful/img/button-control.jpg - Transferring/img/butterfly.jpg - Get operation successful/img/button-control.png - Transferring/img/button-control.jpg - Get operation successful/img/c7.jpg - Transferring/img/button-control.png - Get operation successful/img/canvas h d.jpg - Transferring/img/canvas h d.jpg - Get operation successful/img/chromebook.jpg - Transferring/img/chromebook.jpg - Get operation successful/img/djsms.jpg - Transferring/img/c7.jpg - Get operation successful/img/dummies/.DS_Store - Transferring/img/dummies/.DS_Store - Get operation successful/img/dummies/54x54.gif - Transferring/img/dummies/54x54.gif - Get operation successful/img/dummies/butterfly.jpg - Transferring/img/djsms.jpg - Get operation successful/img/dummies/carousel/01.jpg - Transferring/img/dummies/carousel/01.jpg - Get operation successful/img/dummies/carousel/02.jpg - Transferring/img/butterfly.png - Get operation successful/img/dummies/carousel/03.jpg - Transferring/img/dummies/carousel/02.jpg - Get operation successful/img/dummies/carousel/04.jpg - Transferring/img/dummies/carousel/03.jpg - Get operation successful/img/dummies/carousel/05.jpg - Transferring/img/dummies/carousel/04.jpg - Get operation successful/img/dummies/carousel/06.jpg - Transferring/img/dummies/butterfly.jpg - Get operation successful/img/dummies/carousel/07.jpg - Transferring/img/dummies/carousel/05.jpg - Get operation successful/img/dummies/featured/01.jpg - Transferring/img/dummies/carousel/07.jpg - Get operation successful/img/dummies/featured/02.jpg - Transferring/img/dummies/featured/01.jpg - Get operation successful/img/dummies/featured/03.jpg - Transferring/img/dummies/featured/02.jpg - Get operation successful/img/dummies/featured/04.jpg - Transferring/img/dummies/carousel/06.jpg - Get operation successful/img/dummies/featured/05.jpg - Transferring/img/dummies/featured/03.jpg - Get operation successful/img/dummies/featured/06.jpg - Transferring/img/dummies/featured/04.jpg - Get operation successful/img/dummies/featured-1.jpg - Transferring/img/dummies/featured/05.jpg - Get operation successful/img/dummies/featured-2.jpg - Transferring/img/dummies/featured-1.jpg - Get operation successful/img/dummies/featured-3.jpg - Transferring/img/dummies/featured-2.jpg - Get operation successful/img/dummies/gallery-1.jpg - Transferring/img/dummies/featured/06.jpg - Get operation successful/img/dummies/gallery-2.jpg - Transferring/img/dummies/gallery-1.jpg - Get operation successful/img/dummies/gallery-3.jpg - Transferring/img/dummies/gallery-2.jpg - Get operation successful/img/dummies/slides/.DS_Store - Transferring/img/dummies/gallery-3.jpg - Get operation successful/img/dummies/slides/01.jpg - Transferring/img/dummies/slides/.DS_Store - Get operation successful/img/dummies/slides/01_thumb.jpg - Transferring/img/dummies/featured-3.jpg - Get operation successful/img/dummies/slides/02.jpg - Transferring/img/dummies/slides/01.jpg - Get operation successful/img/dummies/slides/02_thumb.jpg - Transferring/img/dummies/slides/02.jpg - Get operation successful/img/dummies/slides/03.jpg - Transferring/img/dummies/slides/01_thumb.jpg - Get operation successful/img/dummies/slides/03_thumb.jpg - Transferring/img/dummies/slides/03.jpg - Get operation successful/img/dummies/slides/04.jpg - Transferring/img/dummies/slides/02_thumb.jpg - Get operation successful/img/dummies/slides/04_thumb.jpg - Transferring/img/dummies/slides/04.jpg - Get operation successful/img/dummies/slides/05.jpg - Transferring/img/dummies/slides/04_thumb.jpg - Get operation successful/img/dummies/slides/05_thumb.jpg - Transferring/img/dummies/slides/03_thumb.jpg - Get operation successful/img/dummies/slides/06.jpg - Transferring/img/dummies/slides/05_thumb.jpg - Get operation successful/img/dummies/slides/06_thumb.jpg - Transferring/img/dummies/slides/06.jpg - Get operation successful/img/dummies/slides/07.jpg - Transferring/img/dummies/slides/05.jpg - Get operation successful/img/dummies/slides/07_thumb.jpg - Transferring/img/dummies/slides/06_thumb.jpg - Get operation successful/img/dummies/work-1.jpg - Transferring/img/dummies/slides/07_thumb.jpg - Get operation successful/img/firehd.jpg - Transferring/img/dummies/slides/07.jpg - Get operation successful/img/focal.jpg - Transferring/img/dummies/work-1.jpg - Get operation successful/img/focal1.jpg - Transferring/img/focal.jpg - Get operation successful/img/focalspirit.jpg - Transferring/img/focalspirit.jpg - Get operation successful/img/g pro.jpg - Transferring/img/focal1.jpg - Get operation successful/img/glassses.PNG - Transferring/img/firehd.jpg - Get operation successful/img/goo.jpg - Transferring/img/goo.jpg - Get operation successful/img/google-glasses-small.jpeg - Transferring/img/google-glasses-small.jpeg - Get operation successful/img/google-glasses.jpeg - Transferring/img/g pro.jpg - Get operation successful/img/google-nexus-4.jpg - Transferring/img/google-glasses.jpeg - Get operation successful/img/goophone.jpg - Transferring/img/google-nexus-4.jpg - Get operation successful/img/grand.jpg - Transferring/img/goophone.jpg - Get operation successful/img/hdc note2.jpg - Transferring/img/grand.jpg - Get operation successful/img/htc 8x.jpg - Transferring/img/htc 8x.jpg - Get operation successful/img/htc butterfly.jpg - Transferring/img/hdc note2.jpg - Get operation successful/img/htc-One-X-plus-.jpg - Transferring/img/htc butterfly.jpg - Get operation successful/img/htc.png - Transferring/img/htc-One-X-plus-.jpg - Get operation successful/img/iPad-mini-black.jpg - Transferring/img/htc.png - Get operation successful/img/icon-comments.png - Transferring/img/icon-comments.png - Get operation successful/img/icon-format-audio.png - Transferring/img/icon-format-audio.png - Get operation successful/img/icon-format-image.png - Transferring/img/icon-format-image.png - Get operation successful/img/icon-format-link.png - Transferring/img/icon-format-link.png - Get operation successful/img/icon-format-post.png - Transferring/img/icon-format-post.png - Get operation successful/img/icon-format-quote.png - Transferring/img/icon-format-quote.png - Get operation successful/img/icon-format-video.png - Transferring/img/icon-format-video.png - Get operation successful/img/icon-link.png - Transferring/img/icon-link.png - Get operation successful/img/icon-popup.png - Transferring/img/icon-popup.png - Get operation successful/img/icon-tags.png - Transferring/img/icon-tags.png - Get operation successful/img/icon-user.png - Transferring/img/icon-user.png - Get operation successful/img/iconia-b1-a71-tablet.jpg - Transferring/img/iconia-b1-a71-tablet.jpg - Get operation successful/img/ihtc one x.JPG - Transferring/img/iPad-mini-black.jpg - Get operation successful/img/iiphone 5.png - Transferring/img/ihtc one x.JPG - Get operation successful/img/info-blue.png - Transferring/img/info-blue.png - Get operation successful/img/info-green.png - Transferring/img/info-green.png - Get operation successful/img/info-red.png - Transferring/img/info-red.png - Get operation successful/img/info-yellow.png - Transferring/img/info-yellow.png - Get operation successful/img/ipad 4.jpg - Transferring/img/iiphone 5.png - Get operation successful/img/ipad mini small.png - Transferring/img/ipad mini small.png - Get operation successful/img/ipad mini.png - Transferring/img/ipad 4.jpg - Get operation successful/img/ipad-mini-clone.jpg - Transferring/img/ipad-mini-clone.jpg - Get operation successful/img/ipad-mini-press.jpeg - Transferring/img/ipad mini.png - Get operation successful/img/ipad4.jpg - Transferring/img/ipad-mini-press.jpeg - Get operation successful/img/iphone 1.jpg - Transferring/img/ipad4.jpg - Get operation successful/img/iphone 5 small.png - Transferring/img/iphone 5 small.png - Get operation successful/img/iwatch small.jpg - Transferring/img/iwatch small.jpg - Get operation successful/img/iwatch.jpg - Transferring/img/iwatch.jpg - Get operation successful/img/kidle.jpg - Transferring/img/iphone 1.jpg - Get operation successful/img/layouts_08.jpg - Transferring/img/layouts_08.jpg - Get operation successful/img/layouts_12.jpg - Transferring/img/layouts_12.jpg - Get operation successful/img/lenova_yoga11s-580-75.jpg - Transferring/img/lenova_yoga11s-580-75.jpg - Get operation successful/img/lenovok900.jpg - Transferring/img/kidle.jpg - Get operation successful/img/lg g.jpg - Transferring/img/lg g.jpg - Get operation successful/img/load-indicator.gif - Transferring/img/load-indicator.gif - Get operation successful/img/logo.png - Transferring/img/logo.png - Get operation successful/img/lumia 920.jpg - Transferring/img/lumia 920.jpg - Get operation successful/img/main-bg.png - Transferring/img/main-bg.png - Get operation successful/img/mesh2.jpg - Transferring/img/mesh2.jpg - Get operation successful/img/meshskull.jpg - Transferring/img/lenovok900.jpg - Get operation successful/img/meta-bg-vertical.png - Transferring/img/meshskull.jpg - Get operation successful/img/meta-bg.png - Transferring/img/meta-bg-vertical.png - Get operation successful/img/mixrs.jpg - Transferring/img/meta-bg.png - Get operation successful/img/mono-icons/arrow32.png - Transferring/img/mono-icons/arrow32.png - Get operation successful/img/mono-icons/arrowright32.png - Transferring/img/mono-icons/arrowright32.png - Get operation successful/img/mono-icons/article32.png - Transferring/img/mono-icons/article32.png - Get operation successful/img/mono-icons/bag32.png - Transferring/img/mono-icons/bag32.png - Get operation successful/img/mono-icons/bargraph32.png - Transferring/img/mono-icons/bargraph32.png - Get operation successful/img/mono-icons/block32.png - Transferring/img/mono-icons/block32.png - Get operation successful/img/mono-icons/box32.png - Transferring/img/mono-icons/box32.png - Get operation successful/img/mono-icons/boxdownload32.png - Transferring/img/mono-icons/boxdownload32.png - Get operation successful/img/mono-icons/boxupload32.png - Transferring/img/mono-icons/boxupload32.png - Get operation successful/img/mono-icons/camera32.png - Transferring/img/mono-icons/camera32.png - Get operation successful/img/mono-icons/cameraminus32.png - Transferring/img/mono-icons/cameraminus32.png - Get operation successful/img/mono-icons/cameraplus32.png - Transferring/img/mono-icons/cameraplus32.png - Get operation successful/img/mono-icons/camerastar32.png - Transferring/img/mono-icons/camerastar32.png - Get operation successful/img/mono-icons/cardgame32.png - Transferring/img/mixrs.jpg - Get operation successful/img/mono-icons/check32.png - Transferring/img/mono-icons/cardgame32.png - Get operation successful/img/mono-icons/circleleft32.png - Transferring/img/mono-icons/check32.png - Get operation successful/img/mono-icons/circleright32.png - Transferring/img/mono-icons/circleleft32.png - Get operation successful/img/mono-icons/clock32.png - Transferring/img/mono-icons/circleright32.png - Get operation successful/img/mono-icons/comment32.png - Transferring/img/mono-icons/clock32.png - Get operation successful/img/mono-icons/commentblack32.png - Transferring/img/mono-icons/comment32.png - Get operation successful/img/mono-icons/contactbook32.png - Transferring/img/mono-icons/commentblack32.png - Get operation successful/img/mono-icons/contactcard32.png - Transferring/img/mono-icons/contactbook32.png - Get operation successful/img/mono-icons/cup32.png - Transferring/img/mono-icons/contactcard32.png - Get operation successful/img/mono-icons/download32.png - Transferring/img/mono-icons/cup32.png - Get operation successful/img/mono-icons/exchange32.png - Transferring/img/mono-icons/download32.png - Get operation successful/img/mono-icons/folder32.png - Transferring/img/mono-icons/exchange32.png - Get operation successful/img/mono-icons/folderblock32.png - Transferring/img/mono-icons/folder32.png - Get operation successful/img/mono-icons/folderminus32.png - Transferring/img/mono-icons/folderblock32.png - Get operation successful/img/mono-icons/folderplus32.png - Transferring/img/mono-icons/folderminus32.png - Get operation successful/img/mono-icons/gear32.png - Transferring/img/mono-icons/folderplus32.png - Get operation successful/img/mono-icons/glitter32.png - Transferring/img/mono-icons/gear32.png - Get operation successful/img/mono-icons/heart32.png - Transferring/img/mono-icons/glitter32.png - Get operation successful/img/mono-icons/home32.png - Transferring/img/mono-icons/heart32.png - Get operation successful/img/mono-icons/leftarrow32.png - Transferring/img/mono-icons/home32.png - Get operation successful/img/mono-icons/leftturnarrow32.png - Transferring/img/mono-icons/leftarrow32.png - Get operation successful/img/mono-icons/license.rtf - Transferring/img/mono-icons/leftturnarrow32.png - Get operation successful/img/mono-icons/lightbulb32.png - Transferring/img/mono-icons/license.rtf - Get operation successful/img/mono-icons/linedpaper32.png - Transferring/img/mono-icons/lightbulb32.png - Get operation successful/img/mono-icons/linedpapercheck32.png - Transferring/img/mono-icons/linedpaper32.png - Get operation successful/img/mono-icons/linedpaperlock32.png - Transferring/img/mono-icons/linedpapercheck32.png - Get operation successful/img/mono-icons/linedpaperminus32.png - Transferring/img/mono-icons/linedpaperlock32.png - Get operation successful/img/mono-icons/linedpaperpencil32.png - Transferring/img/mono-icons/linedpaperminus32.png - Get operation successful/img/mono-icons/linedpaperplus32.png - Transferring/img/mono-icons/linedpaperpencil32.png - Get operation successful/img/mono-icons/lock32.png - Transferring/img/mono-icons/linedpaperplus32.png - Get operation successful/img/mono-icons/mail32.png - Transferring/img/mono-icons/lock32.png - Get operation successful/img/mono-icons/mailblock32.png - Transferring/img/mono-icons/mail32.png - Get operation successful/img/mono-icons/mailminus32.png - Transferring/img/mono-icons/mailblock32.png - Get operation successful/img/mono-icons/mailopened32.png - Transferring/img/mono-icons/mailopened32.png - Get operation successful/img/mono-icons/mailplus32.png - Transferring/img/mono-icons/mailminus32.png - Get operation successful/img/mono-icons/mailstar32.png - Transferring/img/mono-icons/mailplus32.png - Get operation successful/img/mono-icons/mapleleaf32.png - Transferring/img/mono-icons/mailstar32.png - Get operation successful/img/mono-icons/melody32.png - Transferring/img/mono-icons/mapleleaf32.png - Get operation successful/img/mono-icons/minus32.png - Transferring/img/mono-icons/melody32.png - Get operation successful/img/mono-icons/moneyreceipt32.png - Transferring/img/mono-icons/minus32.png - Get operation successful/img/mono-icons/monitor32.png - Transferring/img/mono-icons/moneyreceipt32.png - Get operation successful/img/mono-icons/mouse32.png - Transferring/img/mono-icons/monitor32.png - Get operation successful/img/mono-icons/note32.png - Transferring/img/mono-icons/mouse32.png - Get operation successful/img/mono-icons/notecheck32.png - Transferring/img/mono-icons/note32.png - Get operation successful/img/mono-icons/notepencil32.png - Transferring/img/mono-icons/notecheck32.png - Get operation successful/img/mono-icons/paper32.png - Transferring/img/mono-icons/notepencil32.png - Get operation successful/img/mono-icons/papercheck32.png - Transferring/img/mono-icons/paper32.png - Get operation successful/img/mono-icons/paperheart32.png - Transferring/img/mono-icons/papercheck32.png - Get operation successful/img/mono-icons/paperlock32.png - Transferring/img/mono-icons/paperheart32.png - Get operation successful/img/mono-icons/paperminus32.png - Transferring/img/mono-icons/paperlock32.png - Get operation successful/img/mono-icons/papermusic32.png - Transferring/img/mono-icons/paperminus32.png - Get operation successful/img/mono-icons/paperpencil32.png - Transferring/img/mono-icons/papermusic32.png - Get operation successful/img/mono-icons/paperphoto32.png - Transferring/img/mono-icons/paperpencil32.png - Get operation successful/img/mono-icons/paperplus32.png - Transferring/img/mono-icons/paperphoto32.png - Get operation successful/img/mono-icons/paperstar32.png - Transferring/img/mono-icons/paperplus32.png - Get operation successful/img/mono-icons/pencil32.png - Transferring/img/mono-icons/paperstar32.png - Get operation successful/img/mono-icons/pencilplus32.png - Transferring/img/mono-icons/pencil32.png - Get operation successful/img/mono-icons/phone32.png - Transferring/img/mono-icons/pencilplus32.png - Get operation successful/img/mono-icons/phonebook32.png - Transferring/img/mono-icons/phone32.png - Get operation successful/img/mono-icons/plug32.png - Transferring/img/mono-icons/phonebook32.png - Get operation successful/img/mono-icons/plus32.png - Transferring/img/mono-icons/plug32.png - Get operation successful/img/mono-icons/printer32.png - Transferring/img/mono-icons/plus32.png - Get operation successful/img/mono-icons/questionbook32.png - Transferring/img/mono-icons/printer32.png - Get operation successful/img/mono-icons/radio32.png - Transferring/img/mono-icons/questionbook32.png - Get operation successful/img/mono-icons/recycle32.png - Transferring/img/mono-icons/radio32.png - Get operation successful/img/mono-icons/risegraph32.png - Transferring/img/mono-icons/recycle32.png - Get operation successful/img/mono-icons/rss32.png - Transferring/img/mono-icons/risegraph32.png - Get operation successful/img/mono-icons/scissors32.png - Transferring/img/mono-icons/rss32.png - Get operation successful/img/mono-icons/search32.png - Transferring/img/mono-icons/scissors32.png - Get operation successful/img/mono-icons/shield32.png - Transferring/img/mono-icons/search32.png - Get operation successful/img/mono-icons/shieldcross32.png - Transferring/img/mono-icons/shield32.png - Get operation successful/img/mono-icons/shoppingcart32.png - Transferring/img/mono-icons/shieldcross32.png - Get operation successful/img/mono-icons/sleep32.png - Transferring/img/mono-icons/shoppingcart32.png - Get operation successful/img/mono-icons/slide32.png - Transferring/img/mono-icons/sleep32.png - Get operation successful/img/mono-icons/smile32.png - Transferring/img/mono-icons/slide32.png - Get operation successful/img/mono-icons/spanner32.png - Transferring/img/mono-icons/smile32.png - Get operation successful/img/mono-icons/speaker32.png - Transferring/img/mono-icons/spanner32.png - Get operation successful/img/mono-icons/speakermute32.png - Transferring/img/mono-icons/speakermute32.png - Get operation successful/img/mono-icons/star32.png - Transferring/img/mono-icons/speaker32.png - Get operation successful/img/mono-icons/stop32.png - Transferring/img/mono-icons/star32.png - Get operation successful/img/mono-icons/turnright32.png - Transferring/img/mono-icons/stop32.png - Get operation successful/img/mono-icons/unlock32.png - Transferring/img/mono-icons/turnright32.png - Get operation successful/img/mono-icons/upload32.png - Transferring/img/mono-icons/unlock32.png - Get operation successful/img/mono-icons/user32.png - Transferring/img/mono-icons/upload32.png - Get operation successful/img/mono-icons/userblock32.png - Transferring/img/mono-icons/user32.png - Get operation successful/img/mono-icons/userminus32.png - Transferring/img/mono-icons/userblock32.png - Get operation successful/img/mono-icons/userplus32.png - Transferring/img/mono-icons/userminus32.png - Get operation successful/img/mono-icons/users32.png - Transferring/img/mono-icons/userplus32.png - Get operation successful/img/mono-icons/usersblock32.png - Transferring/img/mono-icons/users32.png - Get operation successful/img/mono-icons/usersminus32.png - Transferring/img/mono-icons/usersblock32.png - Get operation successful/img/mono-icons/usersplus32.png - Transferring/img/mono-icons/usersminus32.png - Get operation successful/img/mono-icons/wand32.png - Transferring/img/mono-icons/usersplus32.png - Get operation successful/img/mono-icons/warning32.png - Transferring/img/mono-icons/wand32.png - Get operation successful/img/mono-icons/wordpress32.png - Transferring/img/mono-icons/warning32.png - Get operation successful/img/mono-icons/wrench32.png - Transferring/img/mono-icons/wordpress32.png - Get operation successful/img/monster-beats.jpg - Transferring/img/mono-icons/wrench32.png - Get operation successful/img/neo-n003.jpg - Transferring/img/neo-n003.jpg - Get operation successful/img/nexus 10.jpg - Transferring/img/nexus 10.jpg - Get operation successful/img/nexus-10.jpg - Transferring/img/monster-beats.jpg - Get operation successful/img/noise-all.png - Transferring/img/noise-all.png - Get operation successful/img/noise.png - Transferring/img/glassses.PNG - Get operation successful/img/note 2 (2).jpg - Transferring/img/noise.png - Get operation successful/img/note 2.jpg - Transferring/img/nexus-10.jpg - Get operation successful/img/nxus7.jpeg - Transferring/img/nxus7.jpeg - Get operation successful/img/one.jpg - Transferring/img/note 2.jpg - Get operation successful/img/optimus g pro small.jpg - Transferring/img/optimus g pro small.jpg - Get operation successful/img/optimus g.jpg - Transferring/img/one.jpg - Get operation successful/img/panasonic-4k.jpg - Transferring/img/optimus g.jpg - Get operation successful/img/player-bg.png - Transferring/img/note 2 (2).jpg - Get operation successful/img/pr.jpg - Transferring/img/pr.jpg - Get operation successful/img/pro.jpg - Transferring/img/panasonic-4k.jpg - Get operation successful/img/probeats.jpg - Transferring/img/pro.jpg - Get operation successful/img/promonster.jpg - Transferring/img/promonster.jpg - Get operation successful/img/s2 clone.jpg - Transferring/img/player-bg.png - Get operation successful/img/s3.jpg - Transferring/img/s2 clone.jpg - Get operation successful/img/s4.jpg - Transferring/img/probeats.jpg - Get operation successful/img/samsung-galaxy-note-2.jpg - Transferring/img/s3.jpg - Get operation successful/img/series 5.jpg - Transferring/img/s4.jpg - Get operation successful/img/sg.jpg - Transferring/img/series 5.jpg - Get operation successful/img/skull2.jpg - Transferring/img/samsung-galaxy-note-2.jpg - Get operation successful/img/sms dj.jpg - Transferring/img/sms dj.jpg - Get operation successful/img/smsdj.jpg - Transferring/img/sg.jpg - Get operation successful/img/social/.DS_Store - Transferring/img/skull2.jpg - Get operation successful/img/social/500px.png - Transferring/img/social/500px.png - Get operation successful/img/social/about_me.png - Transferring/img/social/.DS_Store - Get operation successful/img/social/add_this.png - Transferring/img/social/about_me.png - Get operation successful/img/social/amazon.png - Transferring/img/social/add_this.png - Get operation successful/img/social/aol.png - Transferring/img/social/amazon.png - Get operation successful/img/social/app_store.png - Transferring/img/social/aol.png - Get operation successful/img/social/app_store_alt.png - Transferring/img/social/app_store.png - Get operation successful/img/social/apple.png - Transferring/img/social/app_store_alt.png - Get operation successful/img/social/bebo.png - Transferring/img/social/apple.png - Get operation successful/img/social/behance.png - Transferring/img/social/bebo.png - Get operation successful/img/social/bing.png - Transferring/img/social/behance.png - Get operation successful/img/social/blip.png - Transferring/img/social/bing.png - Get operation successful/img/social/blogger.png - Transferring/img/social/blip.png - Get operation successful/img/social/coroflot.png - Transferring/img/social/blogger.png - Get operation successful/img/social/custom-bg-blue.png - Transferring/img/social/coroflot.png - Get operation successful/img/social/custom-bg-pink.png - Transferring/img/social/custom-bg-pink.png - Get operation successful/img/social/custom-bg.png - Transferring/img/social/custom-bg-blue.png - Get operation successful/img/social/custom-icon-comment.png - Transferring/img/social/custom-icon-comment.png - Get operation successful/img/social/custom-icon-photo.png - Transferring/img/smsdj.jpg - Get operation successful/img/social/custom-icon-retweet.png - Transferring/img/social/custom-bg.png - Get operation successful/img/social/daytum.png - Transferring/img/social/custom-icon-photo.png - Get operation successful/img/social/delicious.png - Transferring/img/social/custom-icon-retweet.png - Get operation successful/img/social/design_bump.png - Transferring/img/social/daytum.png - Get operation successful/img/social/designfloat.png - Transferring/img/social/delicious.png - Get operation successful/img/social/deviant_art.png - Transferring/img/social/design_bump.png - Get operation successful/img/social/digg.png - Transferring/img/social/designfloat.png - Get operation successful/img/social/digg_alt.png - Transferring/img/social/deviant_art.png - Get operation successful/img/social/dribbble.png - Transferring/img/social/digg.png - Get operation successful/img/social/drupal.png - Transferring/img/social/digg_alt.png - Get operation successful/img/social/dribbble.png - Get operation successful/img/social/ebay.png - Transferring/img/social/email.png - Transferring/img/social/drupal.png - Get operation successful/img/social/ember_app.png - Transferring/img/social/ebay.png - Get operation successful/img/social/etsy.png - Transferring/img/social/email.png - Get operation successful/img/social/facebook.png - Transferring/img/social/ember_app.png - Get operation successful/img/social/feed_burner.png - Transferring/img/social/etsy.png - Get operation successful/img/social/flickr.png - Transferring/img/social/facebook.png - Get operation successful/img/social/foodspotting.png - Transferring/img/social/feed_burner.png - Get operation successful/img/social/forrst.png - Transferring/img/social/flickr.png - Get operation successful/img/social/foursquare.png - Transferring/img/social/foodspotting.png - Get operation successful/img/social/friendsfeed.png - Transferring/img/social/forrst.png - Get operation successful/img/social/friendstar.png - Transferring/img/social/friendsfeed.png - Get operation successful/img/social/gdgt.png - Transferring/img/social/foursquare.png - Get operation successful/img/social/github.png - Transferring/img/social/friendstar.png - Get operation successful/img/social/google_buzz.png - Transferring/img/social/gdgt.png - Get operation successful/img/social/google_talk.png - Transferring/img/social/github.png - Get operation successful/img/social/gowalla.png - Transferring/img/social/google_buzz.png - Get operation successful/img/social/gowalla_pin.png - Transferring/img/social/google_talk.png - Get operation successful/img/social/grooveshark.png - Transferring/img/social/gowalla.png - Get operation successful/img/social/heart.png - Transferring/img/social/gowalla_pin.png - Get operation successful/img/social/hyves.png - Transferring/img/social/grooveshark.png - Get operation successful/img/social/icondock.png - Transferring/img/social/heart.png - Get operation successful/img/social/icq.png - Transferring/img/social/hyves.png - Get operation successful/img/social/identica.png - Transferring/img/social/icondock.png - Get operation successful/img/social/imessage.png - Transferring/img/social/icq.png - Get operation successful/img/social/itune.png - Transferring/img/social/identica.png - Get operation successful/img/social/last.fm.png - Transferring/img/social/imessage.png - Get operation successful/img/social/linkedin.png - Transferring/img/social/itune.png - Get operation successful/img/social/meetup.png - Transferring/img/social/last.fm.png - Get operation successful/img/social/metacafe.png - Transferring/img/social/linkedin.png - Get operation successful/img/social/mixx.png - Transferring/img/social/meetup.png - Get operation successful/img/social/mobileme.png - Transferring/img/social/metacafe.png - Get operation successful/img/social/mr_wong.png - Transferring/img/social/mixx.png - Get operation successful/img/social/msn.png - Transferring/img/social/mobileme.png - Get operation successful/img/social/myspace.png - Transferring/img/social/mr_wong.png - Get operation successful/img/social/newsvine.png - Transferring/img/social/msn.png - Get operation successful/img/social/paypal.png - Transferring/img/social/myspace.png - Get operation successful/img/social/photobucket.png - Transferring/img/social/newsvine.png - Get operation successful/img/social/picasa.png - Transferring/img/social/paypal.png - Get operation successful/img/social/pinterest.png - Transferring/img/social/photobucket.png - Get operation successful/img/social/podcast.png - Transferring/img/social/picasa.png - Get operation successful/img/social/posterous.png - Transferring/img/social/pinterest.png - Get operation successful/img/social/qik.png - Transferring/img/social/podcast.png - Get operation successful/img/social/quora.png - Transferring/img/social/posterous.png - Get operation successful/img/social/reddit.png - Transferring/img/social/qik.png - Get operation successful/img/social/retweet.png - Transferring/img/social/quora.png - Get operation successful/img/social/rss.png - Transferring/img/social/reddit.png - Get operation successful/img/social/scribd.png - Transferring/img/social/rss.png - Get operation successful/img/social/scribd.png - Get operation successful/img/social/share_this.png - Transferring/img/social/skype.png - Transferring/img/social/retweet.png - Get operation successful/img/social/slashdot.png - Transferring/img/social/share_this.png - Get operation successful/img/social/slideshare.png - Transferring/img/social/skype.png - Get operation successful/img/social/smugmug.png - Transferring/img/social/slashdot.png - Get operation successful/img/social/sound_cloud.png - Transferring/img/social/smugmug.png - Get operation successful/img/social/spotify.png - Transferring/img/social/slideshare.png - Get operation successful/img/social/squidoo.png - Transferring/img/social/sound_cloud.png - Get operation successful/img/social/stackoverflow.png - Transferring/img/social/squidoo.png - Get operation successful/img/social/stackoverflow.png - Get operation successful/img/social/star.png - Transferring/img/social/stumbleupon.png - Transferring/img/social/spotify.png - Get operation successful/img/social/technorati.png - Transferring/img/social/star.png - Get operation successful/img/social/tumblr.png - Transferring/img/social/stumbleupon.png - Get operation successful/img/social/twitter.png - Transferring/img/social/technorati.png - Get operation successful/img/social/twitter_bird.png - Transferring/img/social/tumblr.png - Get operation successful/img/social/viddler.png - Transferring/img/social/twitter.png - Get operation successful/img/social/vimeo.png - Transferring/img/social/twitter_bird.png - Get operation successful/img/social/virb.png - Transferring/img/social/viddler.png - Get operation successful/img/social/w3.png - Transferring/img/social/vimeo.png - Get operation successful/img/social/white_facebook.png - Transferring/img/social/virb.png - Get operation successful/img/social/white_heart.png - Transferring/img/social/white_facebook.png - Get operation successful/img/social/white_heart.png - Get operation successful/img/social/white_linkedin.png - Transferring/img/social/white_pinterest.png - Transferring/img/social/w3.png - Get operation successful/img/social/white_podcast.png - Transferring/img/social/white_linkedin.png - Get operation successful/img/social/white_rss.png - Transferring/img/social/white_pinterest.png - Get operation successful/img/social/white_share_this.png - Transferring/img/social/white_podcast.png - Get operation successful/img/social/white_star.png - Transferring/img/social/white_rss.png - Get operation successful/img/social/white_share_this.png - Get operation successful/img/social/white_twitter_bird.png - Transferring/img/social/white_vimeo.png - Transferring/img/social/white_star.png - Get operation successful/img/social/wikipedia.png - Transferring/img/social/white_twitter_bird.png - Get operation successful/img/social/windows.png - Transferring/img/social/white_vimeo.png - Get operation successful/img/social/wordpress.png - Transferring/img/social/wikipedia.png - Get operation successful/img/social/xing.png - Transferring/img/social/windows.png - Get operation successful/img/social/wordpress.png - Get operation successful/img/social/yahoo.png - Transferring/img/social/yahoo_buzz.png - Transferring/img/social/xing.png - Get operation successful/img/social/yelp.png - Transferring/img/social/yahoo.png - Get operation successful/img/social/youtube.png - Transferring/img/social/yahoo_buzz.png - Get operation successful/img/surface pro.jpg - Transferring/img/social/yelp.png - Get operation successful/img/surfacepro.jpg - Transferring/img/social/youtube.png - Get operation successful/img/toggle.png - Transferring/img/toggle.png - Get operation successful/img/vertical.png - Transferring/img/vertical.png - Get operation successful/img/x clone.jpg - Transferring/img/surfacepro.jpg - Get operation successful/img/xperia s.jpg - Transferring/img/x clone.jpg - Get operation successful/img/xperia z tablet.jpg - Transferring/img/xperia z tablet.jpg - Get operation successful/img/xperiaztablet.png - Transferring/img/xperia s.jpg - Get operation successful/img/yogapic.jpg - Transferring/img/surface pro.jpg - Get operation successful/img/yotaphone.png - Transferring/img/xperiaztablet.png - Get operation successful/img/z 10.jpg - Transferring/img/yotaphone.png - Get operation successful/img/z xperia.jpg - Transferring/img/z 10.jpg - Get operation successful/img/z.jpg - Transferring/img/z xperia.jpg - Get operation successful/img/zl.jpg - Transferring/img/zl.jpg - Get operation successful/index.html - Transferring/index.html - Get operation successful/ipad mini.html - Transferring/ipad mini.html - Get operation successful/ipad4.html - Transferring/ipad4.html - Get operation successful/iphone 5.html - Transferring/iphone 5.html - Get operation successful/js/.DS_Store - Transferring/js/.DS_Store - Get operation successful/js/Jplayer.swf - Transferring/js/Jplayer.swf - Get operation successful/js/css3-mediaqueries.js - Transferring/js/css3-mediaqueries.js - Get operation successful/js/custom.js - Transferring/js/custom.js - Get operation successful/js/form-validation.js - Transferring/js/form-validation.js - Get operation successful/js/jquery-1.7.1.min.js - Transferring/js/jquery-1.7.1.min.js - Get operation successful/js/jquery.columnizer.min.js - Transferring/js/jquery.columnizer.min.js - Get operation successful/js/jquery.easing.js - Transferring/js/jquery.easing.js - Get operation successful/js/jquery.flexslider.js - Transferring/js/jquery.flexslider.js - Get operation successful/js/jquery.isotope.min.js - Transferring/js/jquery.isotope.min.js - Get operation successful/js/jquery.jcarousel.min.js - Transferring/js/jquery.jcarousel.min.js - Get operation successful/js/jquery.jplayer.min.js - Transferring/img/z.jpg - Get operation successful/js/lof-slider.js - Transferring/js/jquery.jplayer.min.js - Get operation successful/js/modernizr.js - Transferring/js/lof-slider.js - Get operation successful/js/moveform.js - Transferring/js/modernizr.js - Get operation successful/js/poshytip-1.1/GPL-LICENSE.txt - Transferring/js/moveform.js - Get operation successful/js/poshytip-1.1/MIT-LICENSE.txt - Transferring/js/poshytip-1.1/MIT-LICENSE.txt - Get operation successful/js/poshytip-1.1/README.txt - Transferring/js/poshytip-1.1/README.txt - Get operation successful/js/poshytip-1.1/demo/demo.html - Transferring/js/poshytip-1.1/demo/demo.html - Get operation successful/js/poshytip-1.1/demo/includes/bullet.png - Transferring/js/poshytip-1.1/GPL-LICENSE.txt - Get operation successful/js/poshytip-1.1/demo/includes/demos.css - Transferring/js/poshytip-1.1/demo/includes/bullet.png - Get operation successful/js/poshytip-1.1/demo/includes/demos.js - Transferring/js/poshytip-1.1/demo/includes/demos.js - Get operation successful/js/poshytip-1.1/demo/includes/jquery-1.4.2.min.js - Transferring/js/poshytip-1.1/demo/includes/demos.css - Get operation successful/js/poshytip-1.1/demo/includes/sh_main.min.js - Transferring/img/yogapic.jpg - Get operation successful/js/poshytip-1.1/demo/includes/sheet_bg.jpg - Transferring/js/poshytip-1.1/demo/includes/sh_main.min.js - Get operation successful/js/poshytip-1.1/src/jquery.poshytip.js - Transferring/js/poshytip-1.1/demo/includes/jquery-1.4.2.min.js - Get operation successful/js/poshytip-1.1/src/jquery.poshytip.min.js - Transferring/js/poshytip-1.1/src/jquery.poshytip.min.js - Get operation successful/js/poshytip-1.1/src/tip-darkgray/tip-darkgray.css - Transferring/js/poshytip-1.1/src/jquery.poshytip.js - Get operation successful/js/poshytip-1.1/src/tip-darkgray/tip-darkgray.png - Transferring/js/poshytip-1.1/src/tip-darkgray/tip-darkgray.css - Get operation successful/js/poshytip-1.1/src/tip-darkgray/tip-darkgray_arrows.png - Transferring/js/poshytip-1.1/src/tip-darkgray/tip-darkgray_arrows.png - Get operation successful/js/poshytip-1.1/src/tip-green/tip-green.css - Transferring/js/poshytip-1.1/src/tip-green/tip-green.css - Get operation successful/js/poshytip-1.1/src/tip-green/tip-green_arrows.gif - Transferring/js/poshytip-1.1/src/tip-darkgray/tip-darkgray.png - Get operation successful/js/poshytip-1.1/src/tip-skyblue/tip-skyblue.css - Transferring/js/poshytip-1.1/src/tip-green/tip-green_arrows.gif - Get operation successful/js/poshytip-1.1/src/tip-skyblue/tip-skyblue.png - Transferring/js/poshytip-1.1/src/tip-skyblue/tip-skyblue.css - Get operation successful/js/poshytip-1.1/src/tip-skyblue/tip-skyblue_arrows.png - Transferring/js/poshytip-1.1/src/tip-skyblue/tip-skyblue.png - Get operation successful/js/poshytip-1.1/src/tip-twitter/tip-twitter.css - Transferring/js/poshytip-1.1/src/tip-skyblue/tip-skyblue_arrows.png - Get operation successful/js/poshytip-1.1/src/tip-twitter/tip-twitter_arrows.gif - Transferring/js/poshytip-1.1/src/tip-twitter/tip-twitter.css - Get operation successful/js/poshytip-1.1/src/tip-violet/tip-violet.css - Transferring/js/poshytip-1.1/src/tip-twitter/tip-twitter_arrows.gif - Get operation successful/js/poshytip-1.1/src/tip-violet/tip-violet.png - Transferring/js/poshytip-1.1/src/tip-violet/tip-violet.css - Get operation successful/js/poshytip-1.1/src/tip-violet/tip-violet_arrows.png - Transferring/js/poshytip-1.1/src/tip-violet/tip-violet.png - Get operation successful/js/poshytip-1.1/src/tip-yellow/tip-yellow.css - Transferring/js/poshytip-1.1/src/tip-violet/tip-violet_arrows.png - Get operation successful/js/poshytip-1.1/src/tip-yellow/tip-yellow.png - Transferring/js/poshytip-1.1/src/tip-yellow/tip-yellow.css - Get operation successful/js/poshytip-1.1/src/tip-yellow/tip-yellow_arrows.png - Transferring/js/poshytip-1.1/src/tip-yellow/tip-yellow.png - Get operation successful/js/poshytip-1.1/src/tip-yellowsimple/tip-yellowsimple.css - Transferring/js/poshytip-1.1/src/tip-yellow/tip-yellow_arrows.png - Get operation successful/js/poshytip-1.1/src/tip-yellowsimple/tip-yellowsimple_arrows.gif - Transferring/js/poshytip-1.1/src/tip-yellowsimple/tip-yellowsimple.css - Get operation successful/js/prettyPhoto/README - Transferring/js/poshytip-1.1/src/tip-yellowsimple/tip-yellowsimple_arrows.gif - Get operation successful/js/prettyPhoto/css/prettyPhoto.css - Transferring/js/poshytip-1.1/demo/includes/sheet_bg.jpg - Get operation successful/js/prettyPhoto/images/.DS_Store - Transferring/js/prettyPhoto/README - Get operation successful/js/prettyPhoto/images/prettyPhoto/dark_rounded/btnNext.png - Transferring/js/prettyPhoto/images/prettyPhoto/dark_rounded/btnNext.png - Get operation successful/js/prettyPhoto/images/prettyPhoto/dark_rounded/btnPrevious.png - Transferring/js/prettyPhoto/css/prettyPhoto.css - Get operation successful/js/prettyPhoto/images/prettyPhoto/dark_rounded/contentPattern.png - Transferring/js/prettyPhoto/images/prettyPhoto/dark_rounded/btnPrevious.png - Get operation successful/js/prettyPhoto/images/prettyPhoto/dark_rounded/default_thumbnail.gif - Transferring/js/prettyPhoto/images/.DS_Store - Get operation successful/js/prettyPhoto/images/prettyPhoto/dark_rounded/loader.gif - Transferring/js/prettyPhoto/images/prettyPhoto/dark_rounded/contentPattern.png - Get operation successful/js/prettyPhoto/images/prettyPhoto/dark_rounded/sprite.png - Transferring/js/prettyPhoto/images/prettyPhoto/dark_rounded/default_thumbnail.gif - Get operation successful/js/prettyPhoto/images/prettyPhoto/dark_square/btnNext.png - Transferring/js/prettyPhoto/images/prettyPhoto/dark_rounded/loader.gif - Get operation successful/js/prettyPhoto/images/prettyPhoto/dark_rounded/sprite.png - Get operation successful/js/prettyPhoto/images/prettyPhoto/dark_square/btnPrevious.png - Transferring/js/prettyPhoto/images/prettyPhoto/dark_square/contentPattern.png - Transferring/js/prettyPhoto/images/prettyPhoto/dark_square/btnNext.png - Get operation successful/js/prettyPhoto/images/prettyPhoto/dark_square/default_thumbnail.gif - Transferring/js/prettyPhoto/images/prettyPhoto/dark_square/btnPrevious.png - Get operation successful/js/prettyPhoto/images/prettyPhoto/dark_square/contentPattern.png - Get operation successful/js/prettyPhoto/images/prettyPhoto/dark_square/loader.gif - Transferring/js/prettyPhoto/images/prettyPhoto/dark_square/sprite.png - Transferring/js/prettyPhoto/images/prettyPhoto/dark_square/default_thumbnail.gif - Get operation successful/js/prettyPhoto/images/prettyPhoto/default/default_thumb.png - Transferring/js/prettyPhoto/images/prettyPhoto/dark_square/loader.gif - Get operation successful/js/prettyPhoto/images/prettyPhoto/dark_square/sprite.png - Get operation successful/js/prettyPhoto/images/prettyPhoto/default/loader.gif - Transferring/js/prettyPhoto/images/prettyPhoto/default/sprite.png - Transferring/js/prettyPhoto/images/prettyPhoto/default/default_thumb.png - Get operation successful/js/prettyPhoto/images/prettyPhoto/default/sprite_next.png - Transferring/js/prettyPhoto/images/prettyPhoto/default/loader.gif - Get operation successful/js/prettyPhoto/images/prettyPhoto/default/sprite.png - Get operation successful/js/prettyPhoto/images/prettyPhoto/default/sprite_prev.png - Transferring/js/prettyPhoto/images/prettyPhoto/default/sprite_x.png - Transferring/js/prettyPhoto/images/prettyPhoto/default/sprite_next.png - Get operation successful/js/prettyPhoto/images/prettyPhoto/default/sprite_y.png - Transferring/js/prettyPhoto/images/prettyPhoto/default/sprite_prev.png - Get operation successful/js/prettyPhoto/images/prettyPhoto/facebook/btnNext.png - Transferring/js/prettyPhoto/images/prettyPhoto/default/sprite_x.png - Get operation successful/js/prettyPhoto/images/prettyPhoto/facebook/btnPrevious.png - Transferring/js/prettyPhoto/images/prettyPhoto/default/sprite_y.png - Get operation successful/js/prettyPhoto/images/prettyPhoto/facebook/contentPatternBottom.png - Transferring/js/prettyPhoto/images/prettyPhoto/facebook/btnNext.png - Get operation successful/js/prettyPhoto/images/prettyPhoto/facebook/contentPatternLeft.png - Transferring/js/prettyPhoto/images/prettyPhoto/facebook/btnPrevious.png - Get operation successful/js/prettyPhoto/images/prettyPhoto/facebook/contentPatternRight.png - Transferring/js/prettyPhoto/images/prettyPhoto/facebook/contentPatternBottom.png - Get operation successful/js/prettyPhoto/images/prettyPhoto/facebook/contentPatternTop.png - Transferring/js/prettyPhoto/images/prettyPhoto/facebook/contentPatternLeft.png - Get operation successful/js/prettyPhoto/images/prettyPhoto/facebook/default_thumbnail.gif - Transferring/js/prettyPhoto/images/prettyPhoto/facebook/contentPatternRight.png - Get operation successful/js/prettyPhoto/images/prettyPhoto/facebook/loader.gif - Transferring/js/prettyPhoto/images/prettyPhoto/facebook/contentPatternTop.png - Get operation successful/js/prettyPhoto/images/prettyPhoto/facebook/sprite.png - Transferring/js/prettyPhoto/images/prettyPhoto/facebook/default_thumbnail.gif - Get operation successful/js/prettyPhoto/images/prettyPhoto/light_rounded/btnNext.png - Transferring/js/prettyPhoto/images/prettyPhoto/facebook/loader.gif - Get operation successful/js/prettyPhoto/images/prettyPhoto/light_rounded/btnPrevious.png - Transferring/js/prettyPhoto/images/prettyPhoto/light_rounded/btnNext.png - Get operation successful/js/prettyPhoto/images/prettyPhoto/light_rounded/default_thumbnail.gif - Transferring/js/prettyPhoto/images/prettyPhoto/facebook/sprite.png - Get operation successful/js/prettyPhoto/images/prettyPhoto/light_rounded/loader.gif - Transferring/js/prettyPhoto/images/prettyPhoto/light_rounded/btnPrevious.png - Get operation successful/js/prettyPhoto/images/prettyPhoto/light_rounded/sprite.png - Transferring/js/prettyPhoto/images/prettyPhoto/light_rounded/default_thumbnail.gif - Get operation successful/js/prettyPhoto/images/prettyPhoto/light_square/btnNext.png - Transferring/js/prettyPhoto/images/prettyPhoto/light_rounded/sprite.png - Get operation successful/js/prettyPhoto/images/prettyPhoto/light_square/btnPrevious.png - Transferring/js/prettyPhoto/images/prettyPhoto/light_rounded/loader.gif - Get operation successful/js/prettyPhoto/images/prettyPhoto/light_square/default_thumbnail.gif - Transferring/js/prettyPhoto/images/prettyPhoto/light_square/btnNext.png - Get operation successful/js/prettyPhoto/images/prettyPhoto/light_square/loader.gif - Transferring/js/prettyPhoto/images/prettyPhoto/light_square/btnPrevious.png - Get operation successful/js/prettyPhoto/images/prettyPhoto/light_square/default_thumbnail.gif - Get operation successful/js/prettyPhoto/images/prettyPhoto/light_square/sprite.png - Transferring/js/prettyPhoto/index.html - Transferring/js/prettyPhoto/images/prettyPhoto/light_square/loader.gif - Get operation successful/js/prettyPhoto/js/jquery-1.3.2.min.js - Transferring/js/prettyPhoto/images/prettyPhoto/light_square/sprite.png - Get operation successful/js/prettyPhoto/index.html - Get operation successful/js/prettyPhoto/js/jquery-1.4.4.min.js - Transferring/js/prettyPhoto/js/jquery.prettyPhoto.js - Transferring/js/prettyPhoto/js/jquery-1.3.2.min.js - Get operation successful/js/prettyPhoto/xhr_response.html - Transferring/js/prettyPhoto/xhr_response.html - Get operation successful/js/slider.js - Transferring/js/slider.js - Get operation successful/js/superfish-1.4.8/.DS_Store - Transferring/js/superfish-1.4.8/.DS_Store - Get operation successful/js/superfish-1.4.8/changelog.txt - Transferring/js/prettyPhoto/js/jquery-1.4.4.min.js - Get operation successful/js/superfish-1.4.8/css/.DS_Store - Transferring/js/superfish-1.4.8/changelog.txt - Get operation successful/js/superfish-1.4.8/css/superfish-navbar.css - Transferring/js/superfish-1.4.8/css/.DS_Store - Get operation successful/js/superfish-1.4.8/css/superfish-vertical.css - Transferring/js/superfish-1.4.8/css/superfish-navbar.css - Get operation successful/js/superfish-1.4.8/css/superfish.css - Transferring/js/prettyPhoto/js/jquery.prettyPhoto.js - Get operation successful/js/superfish-1.4.8/example.html - Transferring/js/superfish-1.4.8/css/superfish-vertical.css - Get operation successful/js/superfish-1.4.8/images/.DS_Store - Transferring/js/superfish-1.4.8/css/superfish.css - Get operation successful/js/superfish-1.4.8/images/arrows-ffffff.png - Transferring/js/superfish-1.4.8/example.html - Get operation successful/js/superfish-1.4.8/images/.DS_Store - Get operation successful/js/superfish-1.4.8/images/shadow.png - Transferring/js/superfish-1.4.8/js/.DS_Store - Transferring/js/superfish-1.4.8/images/arrows-ffffff.png - Get operation successful/js/superfish-1.4.8/js/hoverIntent.js - Transferring/js/superfish-1.4.8/images/shadow.png - Get operation successful/js/superfish-1.4.8/js/.DS_Store - Get operation successful/js/superfish-1.4.8/js/jquery-1.2.6.min.js - Transferring/js/superfish-1.4.8/js/jquery.bgiframe.min.js - Transferring/js/superfish-1.4.8/js/hoverIntent.js - Get operation successful/js/superfish-1.4.8/js/superfish.js - Transferring/js/superfish-1.4.8/js/jquery.bgiframe.min.js - Get operation successful/js/superfish-1.4.8/js/supersubs.js - Transferring/js/superfish-1.4.8/js/superfish.js - Get operation successful/js/tabs.js - Transferring/js/superfish-1.4.8/js/supersubs.js - Get operation successful/js/tweet/index.css - Transferring/js/tweet/index.css - Get operation successful/js/tweet/index.html - Transferring/js/tabs.js - Get operation successful/js/tweet/jquery.tweet.js - Transferring/js/tweet/index.html - Get operation successful/kidle HD.html - Transferring/js/tweet/jquery.tweet.js - Get operation successful/lenovok900.html - Transferring/kidle HD.html - Get operation successful/less/carousel.less - Transferring/less/carousel.less - Get operation successful/less/comments.less - Transferring/lenovok900.html - Get operation successful/less/elements.less - Transferring/less/comments.less - Get operation successful/less/flexslider.less - Transferring/less/flexslider.less - Get operation successful/less/lessframework.less - Transferring/js/superfish-1.4.8/js/jquery-1.2.6.min.js - Get operation successful/less/lof-slider.less - Transferring/less/elements.less - Get operation successful/less/palette.less - Transferring/less/lof-slider.less - Get operation successful/less/skin.less - Transferring/less/lessframework.less - Get operation successful/less/style.less - Transferring/less/palette.less - Get operation successful/less/widgets.less - Transferring/less/skin.less - Get operation successful/lg g pro.html - Transferring/less/style.less - Get operation successful/mesh 2.html - Transferring/less/widgets.less - Get operation successful/mixrs.html - Transferring/lg g pro.html - Get operation successful/mesh 2.html - Get operation successful/monsterpro.html - Transferring/n003.html - Transferring/mixrs.html - Get operation successful/nexus 10.html - Transferring/monsterpro.html - Get operation successful/nexus 7.html - Transferring/n003.html - Get operation successful/nexus4.html - Transferring/nexus 10.html - Get operation successful/nexus 7.html - Get operation successful/note2.html - Transferring/optimus g.html - Transferring/nexus4.html - Get operation successful/padfone.html - Transferring/note2.html - Get operation successful/page-elements.html - Transferring/optimus g.html - Get operation successful/page-icons.html - Transferring/padfone.html - Get operation successful/page-sidebar.html - Transferring/page-icons.html - Get operation successful/page-typography.html - Transferring/page-elements.html - Get operation successful/page.html - Transferring/page-sidebar.html - Get operation successful/player-skin/jplayer-black-and-yellow.css - Transferring/page.html - Get operation successful/player-skin/jplayer-black-and-yellow.png - Transferring/player-skin/jplayer-black-and-yellow.css - Get operation successful/player-skin/jplayer-black-and-yellow.psd - Transferring/page-typography.html - Get operation successful/player-skin/jplayer-black-and-yellow.png - Get operation successful/portfolio.html - Transferring/razer.html - Transferring/portfolio.html - Get operation successful/rumour.html - Transferring/rumour.html - Get operation successful/send-mail.php - Transferring/send-mail.php - Get operation successful/single.html - Transferring/razer.html - Get operation successful/sony tab z.html - Transferring/single.html - Get operation successful/stats/.htaccess - Transferring/stats/.htaccess - Get operation successful/stats/.statspwd - Transferring/sony tab z.html - Get operation successful/stats/error_logs - Transferring/stats/.statspwd - Get operation successful/stats/index.html - Transferring/stats/logs - Transferring/street dj.html - Transferring/stats/index.html - Get operation successful/surface.html - Transferring/player-skin/jplayer-black-and-yellow.psd - Get operation successful/tablets.html - Transferring/street dj.html - Get operation successful/xperiaz.html - Transferring/surface.html - Get operation successful/yoga.html - Transferring/xperiaz.html - Get operation successful/yotaphone.html - Transferring/tablets.html - Get operation successful/z10.html - Transferring/yoga.html - Get operation successful/yotaphone.html - Get operation successful/z10.html - Get operation successful/stats/error_logs - error occurred - An FTP error occurred - cannot get error_logs.  Access denied.  The file may not exist, or there could be a permission problem. /stats/logs - error occurred - An FTP error occurred - cannot get logs.  Access denied.  The file may not exist, or there could be a permission problem. File activity incomplete. 2 file(s) or folder(s) were not completed.Files updated: 656Files with errors: 2/stats/error_logs/stats/logsFinished: 23/03/13 12:38 PM